Note,Onset (ms),Offset (ms),Time_duration (ms),Score_duration,Time-Signature,Voice,Movement,Measure,Repeated
0,0,348.29931972789115,348.29931972789115,0,0,.,x,x,.
D4,348.29931972789115,1625.3968253968253,1277.0975056689342,1.5,4/4,x,1,1,0
D5,1625.3968253968253,1648.6167800453516,23.219954648526254,0.25,4/4,x,1,1,0
E5,1648.6167800453516,1671.8367346938776,23.219954648526027,0.25,4/4,x,1,1,0
E5,1671.8367346938776,1695.0566893424036,23.219954648526027,1.5,4/4,x,1,1,0
D5,1695.0566893424036,1834.3764172335602,139.31972789115662,0.25,4/4,x,1,1,0
E5,1834.3764172335602,1857.5963718820863,23.219954648526027,0.25,4/4,x,1,1,0
D4,1857.5963718820863,1880.816326530612,23.2199546485258,1.5,4/4,x,1,2,0
F♯5,1880.816326530612,2229.115646258503,348.2993197278911,0.25,4/4,x,1,2,0
G5,2229.115646258503,2414.8752834467123,185.75963718820913,0.25,4/4,x,1,2,0
G5,2414.8752834467123,2438.0952380952385,23.219954648526254,1.5,4/4,x,1,2,0
F♯5,2438.0952380952385,3134.6938775510203,696.5986394557817,0.25,4/4,x,1,2,0
G5,3134.6938775510203,3157.9138321995465,23.219954648526254,0.25,4/4,x,1,2,0
D4,3157.9138321995465,4620.770975056689,1462.8571428571427,1.0,4/4,x,1,3,0
A5,4620.770975056689,7105.306122448979,2484.53514739229,0.75,4/4,x,1,3,0
F♯4,7105.306122448979,7221.40589569161,116.09977324263036,0.25,4/4,B,1,3,0
G5,7221.40589569161,7732.244897959184,510.83900226757396,0.75,4/4,x,1,3,0
E4,7732.244897959184,7848.344671201814,116.09977324263036,0.25,4/4,B,1,3,0
F♯5,7848.344671201814,8359.183673469388,510.83900226757396,0.75,4/4,x,1,3,0
D4,8359.183673469388,8498.503401360544,139.3197278911557,0.25,4/4,B,1,3,0
E5,8498.503401360544,9264.761904761905,766.2585034013609,1.0,4/4,x,1,4,0
A4,9264.761904761905,9891.70068027211,626.9387755102052,1.0,4/4,x,1,4,0
0,9891.70068027211,9961.360544217687,69.65986394557694,0.125,4/4,.,1,4,0
A4,9961.360544217687,10286.43990929705,325.0793650793639,0.125,4/4,x,1,4,0
B4,10286.43990929705,10425.759637188208,139.31972789115753,0.125,4/4,x,1,4,0
C♯5,10425.759637188208,10448.979591836734,23.219954648526254,0.125,4/4,x,1,4,0
D5,10448.979591836734,10495.419501133787,46.43990929705251,0.125,4/4,x,1,4,0
E5,10495.419501133787,10518.639455782313,23.219954648526254,0.125,4/4,x,1,4,0
F♯5,10518.639455782313,10541.859410430838,23.219954648524435,0.125,4/4,x,1,4,0
G5,10541.859410430838,10565.079365079366,23.219954648528073,0.125,4/4,x,1,4,0
A5,10565.079365079366,11075.918367346938,510.83900226757214,0.75,4/4,x,1,4,0
G5,11075.918367346938,11331.337868480725,255.41950113378698,0.25,4/4,x,1,4,0
F♯5,11331.337868480725,11911.836734693878,580.4988662131527,0.75,4/4,x,1,5,0
C♯5,11911.836734693878,12051.156462585033,139.3197278911557,0.25,4/4,x,1,5,0
D5,12051.156462585033,12840.63492063492,789.4784580498872,1.0,4/4,x,1,5,0
0,12840.63492063492,12863.854875283447,23.219954648526254,0.125,4/4,.,1,5,0
B4,12863.854875283447,13003.174603174602,139.3197278911557,0.125,4/4,x,1,5,0
C♯5,13003.174603174602,13049.614512471655,46.43990929705251,0.125,4/4,x,1,5,0
D5,13049.614512471655,13096.054421768707,46.43990929705251,0.125,4/4,x,1,5,0
E5,13096.054421768707,13165.714285714286,69.65986394557876,0.125,4/4,x,1,5,0
F♯5,13165.714285714286,13188.934240362812,23.219954648526254,0.125,4/4,x,1,5,0
G5,13188.934240362812,13212.154195011339,23.219954648526254,0.125,4/4,x,1,5,0
A5,13212.154195011339,13305.034013605444,92.87981859410502,0.125,4/4,x,1,5,0
B5,13305.034013605444,13839.092970521542,534.0589569160984,0.75,4/4,x,1,5,0
A5,13839.092970521542,14117.732426303855,278.63945578231323,0.25,4/4,x,1,5,0
G♯5,14117.732426303855,14721.451247165533,603.7188208616772,0.75,4/4,x,1,6,0
D♯5,14721.451247165533,14860.77097505669,139.31972789115753,0.25,4/4,x,1,6,0
E5,14860.77097505669,15975.328798185941,1114.5578231292511,1.0,4/4,x,1,6,0
0,15975.328798185941,15998.548752834466,23.219954648524435,0.75,4/4,.,1,6,0
B4,15998.548752834466,16137.868480725621,139.3197278911557,0.25,4/4,x,1,6,0
C♯5,16137.868480725621,16764.80725623583,626.938775510207,0.75,4/4,x,1,6,0
G♯4,16764.80725623583,16880.907029478458,116.09977324262945,0.25,4/4,x,1,6,0
A4,16880.907029478458,17507.84580498866,626.9387755102034,0.75,4/4,x,1,7,0
A4,17507.84580498866,17531.065759637186,23.219954648524435,0.08333333333333333,4/4,x,1,7,0
B4,17531.065759637186,17577.50566893424,46.43990929705251,0.08333333333333333,4/4,x,1,7,0
C♯5,17577.50566893424,17693.60544217687,116.09977324263309,0.08333333333333333,4/4,x,1,7,0
F♯4,17693.60544217687,18274.104308390022,580.4988662131509,0.75,4/4,x,1,7,0
F♯4,18274.104308390022,18297.324263038547,23.219954648524435,0.08333333333333333,4/4,x,1,7,0
G4,18297.324263038547,18366.984126984127,69.65986394558058,0.08333333333333333,4/4,x,1,7,0
A4,18366.984126984127,18506.303854875285,139.31972789115753,0.08333333333333333,4/4,x,1,7,0
D4,18506.303854875285,19179.682539682537,673.3786848072523,0.75,4/4,B,1,7,0
C♯5,19179.682539682537,19342.222222222223,162.5396825396856,0.25,4/4,x,1,7,0
D5,19342.222222222223,19922.721088435374,580.4988662131509,0.75,4/4,x,1,7,0
A♯4,19922.721088435374,20015.60090702948,92.87981859410502,0.25,4/4,x,1,7,0
B4,20015.60090702948,20619.319727891158,603.718820861679,0.75,4/4,x,1,8,0
B4,20619.319727891158,20642.539682539682,23.219954648524435,0.08333333333333333,4/4,x,1,8,0
C♯5,20642.539682539682,20712.199546485263,69.65986394558058,0.08333333333333333,4/4,x,1,8,0
D5,20712.199546485263,20828.29931972789,116.09977324262582,0.08333333333333333,4/4,x,1,8,0
G♯4,20828.29931972789,21385.578231292515,557.2789115646265,0.75,4/4,x,1,8,0
G♯4,21385.578231292515,21408.798185941047,23.21995464853171,0.08333333333333333,4/4,x,1,8,0
A4,21408.798185941047,21478.458049886623,69.65986394557694,0.08333333333333333,4/4,x,1,8,0
B4,21478.458049886623,21594.55782312925,116.09977324262582,0.08333333333333333,4/4,x,1,8,0
E4,21594.55782312925,22244.716553287984,650.1587301587351,0.75,4/4,B,1,8,0
D♯5,22244.716553287984,22337.596371882086,92.87981859410138,0.25,4/4,x,1,8,0
E5,22337.596371882086,22894.875283446712,557.2789115646265,0.75,4/4,x,1,8,0
B4,22894.875283446712,23010.97505668934,116.09977324262945,0.25,4/4,x,1,8,0
C♯5,23010.97505668934,23568.25396825397,557.2789115646265,0.75,4/4,x,1,9,0
A4,23568.25396825397,23730.79365079365,162.53968253968196,0.25,4/4,x,1,9,0
F♯5,23730.79365079365,24473.832199546487,743.0385487528365,1.0,4/4,x,1,9,0
G♯4,24473.832199546487,24961.451247165536,487.6190476190495,0.75,4/4,x,1,9,0
B4,24961.451247165536,25147.21088435374,185.75963718820276,0.25,4/4,x,1,9,0
E5,25147.21088435374,25681.26984126984,534.058956916102,0.75,4/4,x,1,9,0
E4,25681.26984126984,25797.369614512474,116.09977324263309,0.25,4/4,B,1,9,0
F♯4,25797.369614512474,26354.648526077097,557.2789115646228,0.75,4/4,x,1,10,0
A4,26354.648526077097,26493.968253968254,139.31972789115753,0.25,4/4,x,1,10,0
D5,26493.968253968254,27213.786848072563,719.8185941043084,1.0,4/4,x,1,10,0
E4,27213.786848072563,27724.625850340137,510.83900226757396,0.75,4/4,x,1,10,0
G♯4,27724.625850340137,27840.725623582766,116.09977324262945,0.25,4/4,x,1,10,0
C♯5,27840.725623582766,28444.44444444444,603.7188208616753,0.75,4/4,x,1,10,0
E4,28444.44444444444,28537.32426303855,92.87981859410866,0.25,4/4,x,1,10,0
D4,28537.32426303855,29094.603174603177,557.2789115646265,0.75,4/4,B,1,11,0
C♯5,29094.603174603177,29233.92290249433,139.3197278911539,0.25,4/4,x,1,11,0
B4,29233.92290249433,29791.201814058957,557.2789115646265,0.75,4/4,x,1,11,0
A4,29791.201814058957,29953.74149659864,162.53968253968196,0.25,4/4,x,1,11,0
D♯4,29953.74149659864,30441.36054421769,487.6190476190495,0.75,4/4,x,1,11,0
B4,30441.36054421769,30603.900226757367,162.53968253967832,0.25,4/4,x,1,11,0
A4,30603.900226757367,31161.179138321993,557.2789115646265,0.75,4/4,x,1,11,0
F♯5,31161.179138321993,31486.25850340136,325.07936507936756,0.25,4/4,x,1,11,0
E4,31486.25850340136,31904.21768707483,417.95918367346894,0.75,4/4,x,1,12,0
G♯4,31904.21768707483,32020.317460317456,116.09977324262582,0.25,4/4,x,1,12,0
B4,32020.317460317456,32763.356009070292,743.0385487528365,1.0,4/4,x,1,12,0
0,32763.356009070292,33134.87528344671,371.51927437641643,0.75,4/4,.,1,12,0
D5,33134.87528344671,33274.19501133787,139.31972789116116,0.25,4/4,x,1,12,0
C♯5,33274.19501133787,33854.69387755102,580.4988662131509,0.75,4/4,x,1,12,0
B4,33854.69387755102,33994.013605442175,139.3197278911539,0.25,4/4,x,1,12,0
A5,33994.013605442175,34458.4126984127,464.3990929705251,0.75,4/4,x,1,13,0
G♯5,34458.4126984127,34551.2925170068,92.87981859409774,0.125,4/4,x,1,13,0
F♯5,34551.2925170068,34644.17233560091,92.8798185941123,0.125,4/4,x,1,13,0
E5,34644.17233560091,35224.67120181406,580.4988662131509,0.75,4/4,x,1,13,0
D5,35224.67120181406,35665.85034013605,441.17913832198974,0.25,4/4,x,1,13,0
B4,35665.85034013605,36942.947845804985,1277.097505668935,1.5,4/4,x,1,13,0
A4,36942.947845804985,39172.06349206349,2229.115646258506,0.5,4/4,x,1,13,0
A4,39172.06349206349,39195.28344671202,23.219954648528073,1.5,4/4,x,1,14,0
A4,39195.28344671202,39218.50340136054,23.219954648520797,0.5,4/4,x,1,14,0
A4,39218.50340136054,39241.72335600907,23.219954648528073,0.75,4/4,x,1,14,0
G4,39241.72335600907,39543.58276643991,301.8594104308431,0.25,4/4,x,1,14,0
F♯4,39543.58276643991,40170.52154195012,626.938775510207,0.75,4/4,x,1,14,0
E4,40170.52154195012,40309.84126984127,139.3197278911539,0.25,4/4,x,1,14,0
D4,40309.84126984127,41540.49886621315,1230.6575963718788,1.5,4/4,x,1,1,1
D5,41540.49886621315,41656.59863945578,116.09977324262582,0.25,4/4,x,1,1,1
E5,41656.59863945578,41679.81859410431,23.21995464853535,0.25,4/4,x,1,1,1
E5,41679.81859410431,41703.03854875283,23.219954648520797,1.5,4/4,x,1,1,1
D5,41703.03854875283,41819.138321995466,116.09977324263309,0.25,4/4,x,1,1,1
E5,41819.138321995466,41888.79818594104,69.65986394557694,0.25,4/4,x,1,1,1
D4,41888.79818594104,41912.018140589564,23.219954648520797,1.5,4/4,x,1,2,1
F♯5,41912.018140589564,42260.31746031746,348.2993197278993,0.25,4/4,x,1,2,1
G5,42260.31746031746,42608.616780045355,348.299319727892,0.25,4/4,x,1,2,1
G5,42608.616780045355,42631.836734693876,23.219954648520797,1.5,4/4,x,1,2,1
F♯5,42631.836734693876,42771.15646258503,139.3197278911539,0.25,4/4,x,1,2,1
G5,42771.15646258503,43258.77551020408,487.61904761905316,0.25,4/4,x,1,2,1
D4,43258.77551020408,45000.27210884354,1741.49659863946,1.0,4/4,x,1,3,1
A5,45000.27210884354,47740.226757369615,2739.9546485260726,0.75,4/4,x,1,3,1
F♯4,47740.226757369615,47902.7664399093,162.53968253968196,0.25,4/4,B,1,3,1
G5,47902.7664399093,48367.165532879815,464.3990929705178,0.75,4/4,x,1,3,1
E4,48367.165532879815,48529.705215419504,162.53968253968924,0.25,4/4,B,1,3,1
F♯5,48529.705215419504,49040.54421768708,510.83900226757396,0.75,4/4,x,1,3,1
D4,49040.54421768708,49226.30385487528,185.75963718820276,0.25,4/4,B,1,3,1
E5,49226.30385487528,49992.56235827664,766.2585034013609,1.0,4/4,x,1,4,1
A4,49992.56235827664,50549.841269841265,557.2789115646228,1.0,4/4,x,1,4,1
0,50549.841269841265,50573.0612244898,23.21995464853535,0.125,4/4,.,1,4,1
A4,50573.0612244898,51060.680272108846,487.6190476190459,0.125,4/4,x,1,4,1
B4,51060.680272108846,51153.560090702944,92.87981859409774,0.125,4/4,x,1,4,1
C♯5,51153.560090702944,51269.65986394558,116.09977324263309,0.125,4/4,x,1,4,1
D5,51269.65986394558,51316.09977324263,46.43990929705615,0.125,4/4,x,1,4,1
E5,51316.09977324263,51339.31972789116,23.219954648528073,0.125,4/4,x,1,4,1
F♯5,51339.31972789116,51362.53968253968,23.219954648520797,0.125,4/4,x,1,4,1
G5,51362.53968253968,51408.97959183673,46.43990929704887,0.125,4/4,x,1,4,1
A5,51408.97959183673,51989.47845804989,580.4988662131582,0.75,4/4,x,1,4,1
G5,51989.47845804989,52221.67800453515,232.1995464852589,0.25,4/4,x,1,4,1
F♯5,52221.67800453515,52895.056689342404,673.3786848072559,0.75,4/4,x,1,5,1
C♯5,52895.056689342404,53057.596371882086,162.53968253968196,0.25,4/4,x,1,5,1
D5,53057.596371882086,53939.95464852607,882.3582766439868,1.0,4/4,x,1,5,1
0,53939.95464852607,53963.1746031746,23.219954648528073,0.125,4/4,.,1,5,1
B4,53963.1746031746,54056.054421768706,92.87981859410502,0.125,4/4,x,1,5,1
C♯5,54056.054421768706,54172.15419501134,116.09977324263309,0.125,4/4,x,1,5,1
D5,54172.15419501134,54195.37414965986,23.219954648520797,0.125,4/4,x,1,5,1
E5,54195.37414965986,54241.814058956916,46.43990929705615,0.125,4/4,x,1,5,1
F♯5,54241.814058956916,54288.25396825397,46.43990929705615,0.125,4/4,x,1,5,1
G5,54288.25396825397,54311.47392290249,23.219954648520797,0.125,4/4,x,1,5,1
A5,54311.47392290249,54404.3537414966,92.87981859410502,0.125,4/4,x,1,5,1
B5,54404.3537414966,54938.4126984127,534.058956916102,0.75,4/4,x,1,5,1
A5,54938.4126984127,55193.83219954649,255.41950113378698,0.25,4/4,x,1,5,1
G♯5,55193.83219954649,55867.210884353735,673.3786848072486,0.75,4/4,x,1,6,1
D♯5,55867.210884353735,56029.750566893425,162.53968253968924,0.25,4/4,x,1,6,1
E5,56029.750566893425,57330.06802721089,1300.317460317463,1.0,4/4,x,1,6,1
0,57330.06802721089,57353.28798185941,23.219954648520797,0.75,4/4,.,1,6,1
B4,57353.28798185941,57469.38775510204,116.09977324263309,0.25,4/4,x,1,6,1
C♯5,57469.38775510204,58073.10657596372,603.718820861679,0.75,4/4,x,1,6,1
G♯4,58073.10657596372,58189.20634920635,116.09977324263309,0.25,4/4,x,1,6,1
A4,58189.20634920635,58792.925170068025,603.7188208616717,0.75,4/4,x,1,7,1
A4,58792.925170068025,58816.14512471655,23.219954648528073,0.08333333333333333,4/4,x,1,7,1
B4,58816.14512471655,58909.02494331066,92.87981859410502,0.08333333333333333,4/4,x,1,7,1
C♯5,58909.02494331066,59025.124716553284,116.09977324262582,0.08333333333333333,4/4,x,1,7,1
F♯4,59025.124716553284,59582.403628117914,557.2789115646301,0.75,4/4,x,1,7,1
F♯4,59582.403628117914,59605.62358276644,23.219954648528073,0.08333333333333333,4/4,x,1,7,1
G4,59605.62358276644,59652.06349206349,46.43990929704887,0.08333333333333333,4/4,x,1,7,1
A4,59652.06349206349,59791.383219954645,139.3197278911539,0.08333333333333333,4/4,x,1,7,1
D4,59791.383219954645,60441.54195011337,650.1587301587278,0.75,4/4,B,1,7,1
C♯5,60441.54195011337,60673.74149659864,232.19954648526618,0.25,4/4,x,1,7,1
D5,60673.74149659864,61138.140589569164,464.3990929705251,0.75,4/4,x,1,7,1
A♯4,61138.140589569164,61207.800453514734,69.65986394556967,0.25,4/4,x,1,7,1
B4,61207.800453514734,61765.079365079364,557.2789115646301,0.75,4/4,x,1,8,1
B4,61765.079365079364,61788.29931972789,23.219954648528073,0.08333333333333333,4/4,x,1,8,1
C♯5,61788.29931972789,61857.95918367347,69.65986394557694,0.08333333333333333,4/4,x,1,8,1
D5,61857.95918367347,61974.0589569161,116.09977324263309,0.08333333333333333,4/4,x,1,8,1
G♯4,61974.0589569161,62438.45804988662,464.3990929705178,0.75,4/4,x,1,8,1
G♯4,62438.45804988662,62461.67800453515,23.219954648528073,0.08333333333333333,4/4,x,1,8,1
A4,62461.67800453515,62577.777777777774,116.09977324262582,0.08333333333333333,4/4,x,1,8,1
B4,62577.777777777774,62717.097505668935,139.31972789116116,0.08333333333333333,4/4,x,1,8,1
E4,62717.097505668935,63181.49659863945,464.3990929705178,0.75,4/4,B,1,8,1
D♯5,63181.49659863945,63297.596371882086,116.09977324263309,0.25,4/4,x,1,8,1
E5,63297.596371882086,63901.315192743765,603.718820861679,0.75,4/4,x,1,8,1
B4,63901.315192743765,64017.41496598639,116.09977324262582,0.25,4/4,x,1,8,1
C♯5,64017.41496598639,64621.13378684808,603.7188208616863,0.75,4/4,x,1,9,1
A4,64621.13378684808,64760.45351473922,139.3197278911466,0.25,4/4,x,1,9,1
F♯5,64760.45351473922,65526.712018140584,766.2585034013609,1.0,4/4,x,1,9,1
G♯4,65526.712018140584,66037.55102040817,510.83900226758124,0.75,4/4,x,1,9,1
B4,66037.55102040817,66200.09070294784,162.5396825396747,0.25,4/4,x,1,9,1
E5,66200.09070294784,66687.7097505669,487.61904761905316,0.75,4/4,x,1,9,1
E4,66687.7097505669,66827.02947845805,139.3197278911539,0.25,4/4,B,1,9,1
F♯4,66827.02947845805,67407.52834467121,580.4988662131655,0.75,4/4,x,1,10,1
A4,67407.52834467121,67546.84807256235,139.31972789113934,0.25,4/4,x,1,10,1
D5,67546.84807256235,68266.66666666667,719.8185941043193,1.0,4/4,x,1,10,1
E4,68266.66666666667,68731.06575963719,464.3990929705178,0.75,4/4,x,1,10,1
G♯4,68731.06575963719,68893.60544217688,162.53968253968924,0.25,4/4,x,1,10,1
C♯5,68893.60544217688,69450.8843537415,557.2789115646156,0.75,4/4,x,1,10,1
E4,69450.8843537415,69543.7641723356,92.8798185941123,0.25,4/4,x,1,10,1
D4,69543.7641723356,70124.26303854874,580.4988662131364,0.75,4/4,B,1,11,1
C♯5,70124.26303854874,70263.58276643991,139.31972789116844,0.25,4/4,x,1,11,1
B4,70263.58276643991,70820.86167800453,557.2789115646156,0.75,4/4,x,1,11,1
A4,70820.86167800453,70960.1814058957,139.31972789116844,0.25,4/4,x,1,11,1
D♯4,70960.1814058957,71471.02040816327,510.83900226757396,0.75,4/4,x,1,11,1
B4,71471.02040816327,71610.34013605442,139.3197278911539,0.25,4/4,x,1,11,1
A4,71610.34013605442,72167.61904761904,557.2789115646156,0.75,4/4,x,1,11,1
F♯5,72167.61904761904,72469.4784580499,301.8594104308577,0.25,4/4,x,1,11,1
E4,72469.4784580499,72957.09750566893,487.6190476190386,0.75,4/4,x,1,12,1
G♯4,72957.09750566893,73096.41723356009,139.3197278911539,0.25,4/4,x,1,12,1
B4,73096.41723356009,74280.63492063493,1184.2176870748372,1.0,4/4,x,1,12,1
0,74280.63492063493,74419.95464852607,139.31972789113934,0.75,4/4,.,1,12,1
D5,74419.95464852607,74443.1746031746,23.21995464853535,0.25,4/4,x,1,12,1
C♯5,74443.1746031746,74954.01360544217,510.83900226757396,0.75,4/4,x,1,12,1
B4,74954.01360544217,75093.33333333333,139.3197278911539,0.25,4/4,x,1,12,1
A5,75093.33333333333,75580.95238095238,487.61904761905316,0.75,4/4,x,1,13,1
G♯5,75580.95238095238,75673.83219954648,92.87981859409774,0.125,4/4,x,1,13,1
F♯5,75673.83219954648,75766.71201814059,92.8798185941123,0.125,4/4,x,1,13,1
E5,75766.71201814059,76416.87074829932,650.1587301587278,0.75,4/4,x,1,13,1
D5,76416.87074829932,76834.8299319728,417.9591836734762,0.25,4/4,x,1,13,1
B4,76834.8299319728,78181.5873015873,1346.7573696144973,1.5,4/4,x,1,13,1
A4,78181.5873015873,79296.14512471655,1114.5578231292602,0.5,4/4,x,1,13,1
0,79296.14512471655,79389.02494331067,92.8798185941123,0,0,.,x,x,.
A4,79389.02494331067,79481.90476190476,92.87981859409774,1.0,3/8,x,2,15,0
A5,79481.90476190476,79783.76417233559,301.8594104308286,0.5,3/8,u,2,15,0
B5,79783.76417233559,80341.04308390024,557.2789115646447,0.5,3/8,u,2,16,0
B5,80341.04308390024,80364.26303854876,23.219954648520797,0.5,3/8,u,2,16,0
F♯5,80364.26303854876,80642.90249433107,278.6394557823078,0.5,3/8,u,2,16,0
G5,80642.90249433107,81084.08163265306,441.179138321997,0.5,3/8,u,2,17,0
G5,81084.08163265306,81107.3015873016,23.21995464853535,0.25,3/8,u,2,17,0
A5,81107.3015873016,81223.40136054422,116.09977324261854,0.25,3/8,u,2,17,0
B5,81223.40136054422,81478.820861678,255.41950113378698,0.5,3/8,u,2,17,0
E5,81478.820861678,81734.24036281179,255.41950113378698,0.5,3/8,u,2,18,0
A5,81734.24036281179,82012.8798185941,278.6394557823078,0.5,3/8,u,2,18,0
G5,82012.8798185941,82314.73922902494,301.8594104308431,0.5,3/8,u,2,18,0
F♯5,82314.73922902494,82477.27891156463,162.53968253968924,0.25,3/8,u,2,19,0
G5,82477.27891156463,82570.15873015873,92.87981859409774,0.25,3/8,u,2,19,0
F♯5,82570.15873015873,82732.69841269842,162.53968253968924,0.25,3/8,u,2,19,0
E5,82732.69841269842,82872.01814058957,139.3197278911539,0.25,3/8,u,2,19,0
D5,82872.01814058957,83034.55782312925,162.5396825396747,0.25,3/8,u,2,19,0
E5,83034.55782312925,83127.43764172336,92.8798185941123,0.25,3/8,m,2,19,0
F♯5,83127.43764172336,83289.97732426303,162.5396825396747,0.25,3/8,m,2,20,0
A5,83289.97732426303,83406.07709750567,116.09977324263309,0.25,3/8,x,2,20,0
F♯5,83406.07709750567,83638.27664399093,232.19954648526618,0.25,3/8,m,2,20,0
D5,83638.27664399093,83661.49659863945,23.219954648520797,0.25,3/8,x,2,20,0
C♯5,83661.49659863945,83847.25623582766,185.75963718821004,0.25,3/8,m,2,20,0
E5,83847.25623582766,83893.69614512472,46.43990929705615,0.25,3/8,x,2,20,0
D5,83893.69614512472,84102.67573696145,208.97959183673083,0.25,3/8,m,2,21,0
D4,84102.67573696145,84241.9954648526,139.3197278911539,0.25,3/8,B,2,21,0
D5,84241.9954648526,84404.5351473923,162.53968253968924,0.25,3/8,m,2,21,0
E5,84404.5351473923,84543.85487528345,139.3197278911539,0.25,3/8,m,2,21,0
F♯5,84543.85487528345,84683.1746031746,139.3197278911539,0.25,3/8,m,2,21,0
D5,84683.1746031746,84799.27437641723,116.09977324263309,0.25,3/8,x,2,21,0
B4,84799.27437641723,84985.03401360544,185.75963718821004,0.25,3/8,m,2,22,0
F♯5,84985.03401360544,85077.91383219954,92.87981859409774,0.25,3/8,x,2,22,0
E5,85077.91383219954,85217.23356009071,139.31972789116844,0.25,3/8,m,2,22,0
B5,85217.23356009071,85356.55328798185,139.31972789113934,0.25,3/8,x,2,22,0
D5,85356.55328798185,85472.6530612245,116.09977324264764,0.25,3/8,m,2,22,0
B5,85472.6530612245,85635.19274376419,162.53968253968924,0.25,3/8,x,2,22,0
C♯5,85635.19274376419,85890.61224489796,255.41950113377243,0.25,3/8,m,2,23,0
D5,85890.61224489796,85937.05215419501,46.43990929705615,0.25,3/8,m,2,23,0
C♯5,85937.05215419501,86053.15192743763,116.09977324261854,0.25,3/8,m,2,23,0
B4,86053.15192743763,86238.91156462586,185.7596371882246,0.25,3/8,m,2,23,0
A4,86238.91156462586,86355.01133786848,116.09977324261854,0.25,3/8,m,2,23,0
F♯5,86355.01133786848,86517.55102040817,162.53968253968924,0.25,3/8,u,2,23,0
B4,86517.55102040817,86680.09070294785,162.53968253968924,0.25,3/8,b,2,24,0
G5,86680.09070294785,86796.19047619047,116.09977324261854,0.25,3/8,x,2,24,0
B4,86796.19047619047,86958.73015873016,162.53968253968924,0.25,3/8,b,2,24,0
G5,86958.73015873016,87098.04988662132,139.3197278911539,0.25,3/8,x,2,24,0
F♯4,87098.04988662132,87214.14965986395,116.09977324263309,0.25,3/8,B,2,24,0
A5,87214.14965986395,87399.90929705215,185.75963718819548,0.25,3/8,x,2,24,0
G4,87399.90929705215,87516.0090702948,116.09977324264764,0.25,3/8,B,2,25,0
B5,87516.0090702948,87678.54875283447,162.5396825396747,0.25,3/8,x,2,25,0
G4,87678.54875283447,87794.6485260771,116.09977324263309,0.25,3/8,b,2,25,0
A4,87794.6485260771,87957.18820861679,162.53968253968924,0.25,3/8,b,2,25,0
B4,87957.18820861679,88096.50793650793,139.31972789113934,0.25,3/8,b,2,25,0
F♯5,88096.50793650793,88235.8276643991,139.31972789116844,0.25,3/8,x,2,25,0
E4,88235.8276643991,88351.92743764172,116.09977324261854,0.25,3/8,B,2,26,0
G5,88351.92743764172,88537.68707482993,185.75963718821004,0.25,3/8,x,2,26,0
A4,88537.68707482993,88653.78684807256,116.09977324263309,0.25,3/8,b,2,26,0
F♯5,88653.78684807256,88793.10657596371,139.3197278911539,0.25,3/8,x,2,26,0
G4,88793.10657596371,88955.6462585034,162.53968253968924,0.25,3/8,b,2,26,0
E5,88955.6462585034,89094.96598639456,139.3197278911539,0.25,3/8,x,2,26,0
F♯4,89094.96598639456,89280.72562358277,185.75963718821004,0.25,3/8,B,2,27,0
G4,89280.72562358277,89420.04535147392,139.3197278911539,0.25,3/8,B,2,27,0
F♯4,89420.04535147392,89559.36507936507,139.3197278911539,0.25,3/8,B,2,27,0
E4,89559.36507936507,89675.4648526077,116.09977324263309,0.25,3/8,B,2,27,0
D4,89675.4648526077,89838.0045351474,162.53968253968924,0.25,3/8,B,2,27,0
F♯5,89838.0045351474,90023.7641723356,185.75963718821004,0.25,3/8,x,2,27,0
G4,90023.7641723356,90348.84353741497,325.0793650793639,0.25,3/8,x,2,28,0
F♯5,90348.84353741497,90464.9433106576,116.09977324263309,0.25,3/8,x,2,28,0
E5,90464.9433106576,90581.04308390022,116.09977324261854,0.25,3/8,x,2,28,0
D5,90581.04308390022,90720.36281179139,139.31972789116844,0.25,3/8,x,2,28,0
C♯5,90720.36281179139,90836.46258503401,116.09977324261854,0.25,3/8,x,2,28,0
B4,90836.46258503401,91207.98185941043,371.51927437642007,0.25,3/8,x,2,28,0
A♯4,91207.98185941043,91927.80045351473,719.8185941043048,1.0,3/8,x,2,29,0
D5,91927.80045351473,92090.34013605442,162.53968253968924,0.25,3/8,u,2,29,0
E5,92090.34013605442,92252.87981859411,162.53968253968924,0.25,3/8,u,2,29,0
F♯5,92252.87981859411,92438.63945578231,185.75963718819548,0.25,3/8,u,2,30,0
D5,92438.63945578231,92485.07936507938,46.4399092970707,0.25,3/8,b,2,30,0
F♯5,92485.07936507938,92810.15873015873,325.0793650793494,0.25,3/8,u,2,30,0
D5,92810.15873015873,92833.37868480726,23.21995464853535,0.25,3/8,b,2,30,0
G5,92833.37868480726,92972.6984126984,139.31972789113934,0.25,3/8,u,2,30,0
E5,92972.6984126984,93042.358276644,69.6598639455915,0.25,3/8,b,2,30,0
F♯5,93042.358276644,93297.77777777778,255.41950113378698,0.25,3/8,u,2,31,0
D5,93297.77777777778,93320.9977324263,23.219954648520797,0.25,3/8,b,2,31,0
F♯5,93320.9977324263,93553.19727891157,232.19954648526618,0.25,3/8,u,2,31,0
D5,93553.19727891157,93669.29705215419,116.09977324261854,0.25,3/8,b,2,31,0
G5,93669.29705215419,93901.49659863945,232.19954648526618,0.25,3/8,u,2,31,0
E5,93901.49659863945,93924.71655328797,23.219954648520797,0.25,3/8,b,2,31,0
F♯5,93924.71655328797,94389.1156462585,464.39909297053237,0.25,3/8,u,2,32,0
D5,94389.1156462585,94435.55555555555,46.439909297041595,0.25,3/8,b,2,32,0
F♯5,94435.55555555555,94598.09523809524,162.53968253968924,0.25,3/8,u,2,32,0
D5,94598.09523809524,94621.31519274377,23.21995464853535,0.25,3/8,b,2,32,0
E5,94621.31519274377,94644.5351473923,23.219954648520797,0.25,3/8,u,2,32,0
C♯5,94644.5351473923,94830.2947845805,185.75963718821004,0.25,3/8,b,2,32,0
D5,94830.2947845805,95085.71428571429,255.41950113378698,0.5,3/8,x,2,33,0
B4,95085.71428571429,95480.45351473923,394.73922902494087,0.5,3/8,x,2,33,0
D5,95480.45351473923,95596.55328798186,116.09977324263309,0.25,3/8,u,2,33,0
E5,95596.55328798186,95759.09297052154,162.5396825396747,0.25,3/8,u,2,33,0
F♯5,95759.09297052154,95921.63265306123,162.53968253968924,0.25,3/8,u,2,34,0
D5,95921.63265306123,96014.51247165533,92.87981859409774,0.25,3/8,b,2,34,0
F♯5,96014.51247165533,96200.27210884354,185.75963718821004,0.25,3/8,u,2,34,0
D5,96200.27210884354,96316.37188208617,116.09977324263309,0.25,3/8,b,2,34,0
G5,96316.37188208617,96641.45124716553,325.0793650793639,0.25,3/8,u,2,34,0
E5,96641.45124716553,96664.67120181405,23.219954648520797,0.25,3/8,b,2,34,0
F♯5,96664.67120181405,96780.77097505669,116.09977324263309,0.25,3/8,u,2,35,0
D5,96780.77097505669,96920.09070294784,139.3197278911539,0.25,3/8,b,2,35,0
F♯5,96920.09070294784,97082.63038548753,162.53968253968924,0.25,3/8,u,2,35,0
D5,97082.63038548753,97198.73015873016,116.09977324263309,0.25,3/8,b,2,35,0
G5,97198.73015873016,97361.26984126985,162.53968253968924,0.25,3/8,u,2,35,0
E5,97361.26984126985,97407.7097505669,46.439909297041595,0.25,3/8,b,2,35,0
F♯5,97407.7097505669,97639.90929705216,232.19954648526618,0.25,3/8,u,2,36,0
D5,97639.90929705216,97802.44897959183,162.5396825396747,0.25,3/8,b,2,36,0
F♯5,97802.44897959183,97895.32879818595,92.8798185941123,0.25,3/8,u,2,36,0
D5,97895.32879818595,98081.08843537416,185.75963718821004,0.25,3/8,b,2,36,0
E5,98081.08843537416,98197.18820861678,116.09977324261854,0.25,3/8,u,2,36,0
C♯5,98197.18820861678,98429.38775510204,232.19954648526618,0.25,3/8,b,2,36,0
D5,98429.38775510204,98684.80725623583,255.41950113378698,0.5,3/8,x,2,37,0
B4,98684.80725623583,99056.32653061223,371.5192743764055,0.5,3/8,x,2,37,0
F♯5,99056.32653061223,99520.72562358277,464.39909297053237,0.5,3/8,x,2,37,0
E4,99520.72562358277,99869.02494331067,348.2993197278993,0.5,3/8,B,2,38,0
G5,99869.02494331067,100031.56462585034,162.5396825396747,0.25,3/8,u,2,38,0
F♯5,100031.56462585034,100124.44444444445,92.8798185941123,0.25,3/8,u,2,38,0
G5,100124.44444444445,100333.42403628117,208.97959183671628,0.25,3/8,u,2,38,0
E4,100333.42403628117,100426.30385487528,92.8798185941123,0.25,3/8,B,2,38,0
F♯4,100426.30385487528,100774.60317460317,348.2993197278847,0.5,3/8,B,2,39,0
A♯5,100774.60317460317,101053.24263038549,278.63945578232233,0.5,3/8,u,2,39,0
F♯4,101053.24263038549,101378.32199546485,325.0793650793639,0.5,3/8,B,2,39,0
G4,101378.32199546485,101703.40136054422,325.0793650793639,0.5,3/8,B,2,40,0
B5,101703.40136054422,101865.94104308389,162.5396825396747,0.25,3/8,u,2,40,0
A♯5,101865.94104308389,101982.04081632654,116.09977324264764,0.25,3/8,u,2,40,0
B5,101982.04081632654,102283.90022675737,301.8594104308286,0.5,3/8,u,2,40,0
G♯4,102283.90022675737,102585.75963718821,301.8594104308431,0.5,3/8,B,2,41,0
B5,102585.75963718821,102748.29931972788,162.5396825396747,0.25,3/8,u,2,41,0
C♯6,102748.29931972788,102864.39909297052,116.09977324263309,0.25,3/8,u,2,41,0
D6,102864.39909297052,103003.71882086167,139.3197278911539,0.25,3/8,u,2,41,0
B5,103003.71882086167,103189.4784580499,185.7596371882246,0.25,3/8,u,2,41,0
A4,103189.4784580499,103491.33786848072,301.8594104308286,0.5,3/8,B,2,42,0
C♯6,103491.33786848072,103630.65759637188,139.3197278911539,0.25,3/8,u,2,42,0
B5,103630.65759637188,103746.75736961451,116.09977324263309,0.25,3/8,u,2,42,0
C♯6,103746.75736961451,104025.39682539682,278.6394557823078,0.5,3/8,u,2,42,0
A♯4,104025.39682539682,104211.15646258504,185.7596371882246,0.5,3/8,B,2,43,0
C♯6,104211.15646258504,104466.57596371883,255.41950113378698,0.25,3/8,u,2,43,0
D6,104466.57596371883,104605.89569160997,139.31972789113934,0.25,3/8,u,2,43,0
B5,104605.89569160997,104745.21541950114,139.31972789116844,0.25,3/8,u,2,43,0
C♯6,104745.21541950114,104884.53514739228,139.31972789113934,0.25,3/8,u,2,43,0
B4,104884.53514739228,105209.61451247166,325.0793650793785,0.5,3/8,B,2,44,0
D6,105209.61451247166,105348.93424036281,139.3197278911539,0.25,3/8,u,2,44,0
C♯6,105348.93424036281,105465.03401360544,116.09977324263309,0.25,3/8,u,2,44,0
D6,105465.03401360544,105766.89342403629,301.8594104308431,0.5,3/8,u,2,44,0
E5,105766.89342403629,106068.75283446712,301.8594104308286,0.5,3/8,b,2,45,0
C♯6,106068.75283446712,106208.07256235828,139.31972789116844,0.25,3/8,u,2,45,0
A♯5,106208.07256235828,106347.39229024944,139.3197278911539,0.25,3/8,u,2,45,0
B5,106347.39229024944,106509.93197278911,162.5396825396747,0.25,3/8,u,2,45,0
D5,106509.93197278911,106649.25170068027,139.3197278911539,0.25,3/8,b,2,45,0
E5,106649.25170068027,106765.3514739229,116.09977324263309,0.25,3/8,x,2,46,0
G5,106765.3514739229,106904.67120181405,139.3197278911539,0.25,3/8,x,2,46,0
F♯5,106904.67120181405,107206.53061224491,301.8594104308577,0.5,3/8,x,2,46,0
A♯5,107206.53061224491,107601.26984126984,394.7392290249263,0.5,3/8,x,2,46,0
B4,107601.26984126984,108437.18820861678,835.9183673469379,1.0,3/8,x,2,47,0
D5,108437.18820861678,108831.92743764173,394.7392290249554,0.5,3/8,x,2,47,0
F♯4,108831.92743764173,109064.12698412698,232.19954648525163,0.25,3/8,x,2,48,0
A4,109064.12698412698,109226.66666666667,162.53968253968924,0.25,3/8,x,2,48,0
D5,109226.66666666667,109342.7664399093,116.09977324263309,0.25,3/8,x,2,48,0
A5,109342.7664399093,109505.30612244898,162.5396825396747,0.25,3/8,x,2,48,0
D5,109505.30612244898,109830.38548752834,325.0793650793639,0.5,3/8,x,2,48,0
G4,109830.38548752834,110016.14512471655,185.75963718821004,0.25,3/8,x,2,49,0
B4,110016.14512471655,110225.12471655328,208.97959183673083,0.25,3/8,x,2,49,0
D5,110225.12471655328,110318.0045351474,92.8798185941123,0.25,3/8,x,2,49,0
B5,110318.0045351474,110735.96371882086,417.95918367346167,0.25,3/8,x,2,49,0
D5,110735.96371882086,110805.62358276645,69.6598639455915,0.5,3/8,x,2,49,0
A4,110805.62358276645,110944.94331065759,139.31972789113934,0.25,3/8,x,2,50,0
C5,110944.94331065759,111084.26303854876,139.31972789116844,0.25,3/8,x,2,50,0
G4,111084.26303854876,111223.58276643991,139.3197278911539,0.25,3/8,x,2,50,0
B4,111223.58276643991,111386.12244897959,162.5396825396747,0.25,3/8,x,2,50,0
F♯4,111386.12244897959,111502.22222222222,116.09977324263309,0.25,3/8,x,2,50,0
A4,111502.22222222222,111664.76190476191,162.53968253968924,0.25,3/8,x,2,50,0
G4,111664.76190476191,111896.96145124716,232.19954648525163,0.25,3/8,x,2,51,0
B4,111896.96145124716,112036.28117913833,139.31972789116844,0.25,3/8,x,2,51,0
A4,112036.28117913833,112175.60090702948,139.3197278911539,0.25,3/8,x,2,51,0
G4,112175.60090702948,112291.70068027212,116.09977324263309,0.25,3/8,x,2,51,0
B4,112291.70068027212,112686.43990929706,394.73922902494087,0.5,3/8,x,2,51,0
D♯4,112686.43990929706,112872.19954648527,185.75963718821004,0.25,3/8,x,2,52,0
F♯4,112872.19954648527,113011.5192743764,139.31972789113934,0.25,3/8,x,2,52,0
B4,113011.5192743764,113197.27891156463,185.7596371882246,0.25,3/8,x,2,52,0
F♯5,113197.27891156463,113266.93877551019,69.65986394556239,0.25,3/8,x,2,52,0
B4,113266.93877551019,113638.45804988663,371.5192743764346,0.5,3/8,x,2,52,0
E4,113638.45804988663,113800.99773242632,162.53968253968924,0.25,3/8,x,2,53,0
G4,113800.99773242632,113963.53741496599,162.5396825396747,0.25,3/8,x,2,53,0
B4,113963.53741496599,114126.07709750567,162.5396825396747,0.25,3/8,x,2,53,0
G5,114126.07709750567,114265.39682539682,139.3197278911539,0.25,3/8,x,2,53,0
B4,114265.39682539682,114590.4761904762,325.0793650793785,0.5,3/8,x,2,53,0
F♯4,114590.4761904762,114729.79591836734,139.31972789113934,0.25,3/8,x,2,54,0
A4,114729.79591836734,114892.33560090703,162.53968253968924,0.25,3/8,x,2,54,0
E4,114892.33560090703,115031.65532879818,139.3197278911539,0.25,3/8,x,2,54,0
G4,115031.65532879818,115194.19501133787,162.53968253968924,0.25,3/8,x,2,54,0
D♯4,115194.19501133787,115310.29478458049,116.09977324261854,0.25,3/8,x,2,54,0
F♯4,115310.29478458049,115449.61451247166,139.31972789116844,0.25,3/8,x,2,54,0
E4,115449.61451247166,115705.03401360544,255.41950113378698,0.25,3/8,B,2,55,0
G4,115705.03401360544,115821.13378684806,116.09977324261854,0.25,3/8,B,2,55,0
F♯4,115821.13378684806,115983.67346938775,162.53968253968924,0.25,3/8,B,2,55,0
E4,115983.67346938775,116192.6530612245,208.97959183674539,0.25,3/8,B,2,55,0
E5,116192.6530612245,116448.07256235828,255.41950113378698,0.5,3/8,m,2,55,0
F♯5,116448.07256235828,117051.79138321996,603.7188208616717,0.5,3/8,m,2,56,0
F♯5,117051.79138321996,117075.01133786848,23.219954648520797,0.5,3/8,m,2,56,0
C♯5,117075.01133786848,117400.09070294785,325.0793650793785,0.5,3/8,m,2,56,0
D5,117400.09070294785,117934.14965986395,534.0589569160948,0.5,3/8,m,2,57,0
D5,117934.14965986395,117957.36961451247,23.219954648520797,0.25,3/8,m,2,57,0
E5,117957.36961451247,117980.58956916099,23.219954648520797,0.25,3/8,m,2,57,0
F♯5,117980.58956916099,118282.44897959183,301.8594104308431,0.5,3/8,m,2,57,0
B4,118282.44897959183,118770.06802721089,487.61904761905316,0.5,3/8,m,2,58,0
E5,118770.06802721089,118909.38775510204,139.3197278911539,0.5,3/8,m,2,58,0
D5,118909.38775510204,119188.02721088436,278.63945578232233,0.5,3/8,m,2,58,0
C♯5,119188.02721088436,119559.54648526077,371.5192743764055,0.5,3/8,m,2,59,0
A4,119559.54648526077,119861.4058956916,301.8594104308286,0.5,3/8,x,2,59,0
A5,119861.4058956916,120093.60544217686,232.19954648526618,0.25,3/8,u,2,59,0
F♯4,120093.60544217686,120232.92517006803,139.31972789116844,0.25,3/8,B,2,59,0
B5,120232.92517006803,120418.68480725624,185.75963718821004,0.25,3/8,u,2,60,0
G4,120418.68480725624,120511.56462585034,92.87981859409774,0.25,3/8,B,2,60,0
B5,120511.56462585034,120743.7641723356,232.19954648526618,0.25,3/8,u,2,60,0
G4,120743.7641723356,120883.08390022675,139.31972789113934,0.25,3/8,B,2,60,0
F♯5,120883.08390022675,121022.40362811791,139.31972789116844,0.25,3/8,u,2,60,0
A4,121022.40362811791,121184.9433106576,162.53968253968924,0.25,3/8,B,2,60,0
G5,121184.9433106576,121324.26303854876,139.3197278911539,0.25,3/8,u,2,61,0
B4,121324.26303854876,121486.80272108843,162.5396825396747,0.25,3/8,B,2,61,0
G5,121486.80272108843,121626.12244897959,139.3197278911539,0.25,3/8,u,2,61,0
A5,121626.12244897959,121765.44217687075,139.31972789116844,0.25,3/8,u,2,61,0
B5,121765.44217687075,121904.7619047619,139.31972789113934,0.25,3/8,u,2,61,0
G4,121904.7619047619,122067.30158730158,162.53968253968924,0.25,3/8,B,2,61,0
E5,122067.30158730158,122206.62131519275,139.31972789116844,0.25,3/8,u,2,62,0
C♯5,122206.62131519275,122369.16099773243,162.5396825396747,0.25,3/8,x,2,62,0
A5,122369.16099773243,122531.70068027212,162.53968253968924,0.25,3/8,u,2,62,0
A4,122531.70068027212,122694.2403628118,162.53968253968924,0.25,3/8,x,2,62,0
G5,122694.2403628118,122810.34013605442,116.09977324261854,0.25,3/8,u,2,62,0
C♯5,122810.34013605442,123042.53968253969,232.19954648526618,0.25,3/8,x,2,62,0
F♯5,123042.53968253969,123251.51927437642,208.97959183673083,0.25,3/8,u,2,63,0
E5,123251.51927437642,123274.73922902494,23.219954648520797,0.25,3/8,x,2,63,0
D5,123274.73922902494,123576.59863945578,301.8594104308431,0.5,3/8,x,2,63,0
A5,123576.59863945578,123948.1179138322,371.51927437642007,0.5,3/8,x,2,63,0
B4,123948.1179138322,124203.53741496599,255.41950113378698,0.25,3/8,x,2,64,0
A5,124203.53741496599,124412.51700680272,208.97959183673083,0.25,3/8,x,2,64,0
G5,124412.51700680272,124575.0566893424,162.5396825396747,0.25,3/8,x,2,64,0
F♯5,124575.0566893424,124807.25623582766,232.19954648526618,0.25,3/8,x,2,64,0
E5,124807.25623582766,124830.47619047618,23.219954648520797,0.25,3/8,x,2,64,0
D5,124830.47619047618,124969.79591836735,139.31972789116844,0.25,3/8,x,2,64,0
A4,124969.79591836735,125364.5351473923,394.73922902494087,0.25,3/8,x,2,65,0
E5,125364.5351473923,125387.75510204081,23.219954648520797,0.25,3/8,x,2,65,0
D5,125387.75510204081,125480.63492063493,92.8798185941123,0.25,3/8,x,2,65,0
C♯5,125480.63492063493,125643.1746031746,162.5396825396747,0.25,3/8,x,2,65,0
F♯4,125643.1746031746,125759.27437641723,116.09977324263309,0.25,3/8,x,2,65,0
D5,125759.27437641723,125921.81405895691,162.5396825396747,0.25,3/8,x,2,65,0
G4,125921.81405895691,126130.79365079365,208.97959183674539,0.25,3/8,B,2,66,0
B5,126130.79365079365,126316.55328798186,185.75963718821004,0.25,3/8,x,2,66,0
A4,126316.55328798186,126641.63265306123,325.0793650793639,0.5,3/8,x,2,66,0
C♯5,126641.63265306123,127129.25170068027,487.6190476190386,0.5,3/8,x,2,66,0
D5,127129.25170068027,127802.63038548753,673.3786848072632,1.0,3/8,x,2,67,0
F♯5,127802.63038548753,127941.95011337868,139.3197278911539,0.25,3/8,u,2,67,0
G5,127941.95011337868,128081.26984126982,139.31972789113934,0.25,3/8,u,2,67,0
A5,128081.26984126982,128267.02947845806,185.75963718823914,0.25,3/8,u,2,68,0
F♯5,128267.02947845806,128313.4693877551,46.439909297041595,0.25,3/8,b,2,68,0
A5,128313.4693877551,128661.76870748299,348.2993197278847,0.25,3/8,u,2,68,0
F♯5,128661.76870748299,128684.98866213152,23.21995464853535,0.25,3/8,b,2,68,0
B5,128684.98866213152,128917.18820861678,232.19954648525163,0.25,3/8,u,2,68,0
G5,128917.18820861678,128940.40816326531,23.21995464853535,0.25,3/8,b,2,68,0
A5,128940.40816326531,129149.38775510206,208.97959183674539,0.25,3/8,u,2,69,0
F♯5,129149.38775510206,129172.60770975056,23.219954648506246,0.25,3/8,b,2,69,0
A5,129172.60770975056,129520.90702947845,348.2993197278847,0.25,3/8,u,2,69,0
F♯5,129520.90702947845,129544.126984127,23.2199546485499,0.25,3/8,b,2,69,0
B5,129544.126984127,129776.32653061223,232.19954648523708,0.25,3/8,u,2,69,0
G5,129776.32653061223,129799.54648526078,23.2199546485499,0.25,3/8,b,2,69,0
A5,129799.54648526078,130240.72562358277,441.17913832198246,0.25,3/8,u,2,70,0
F♯5,130240.72562358277,130263.9455782313,23.21995464853535,0.25,3/8,b,2,70,0
A5,130263.9455782313,130380.0453514739,116.09977324260399,0.25,3/8,u,2,70,0
F♯5,130380.0453514739,130403.26530612246,23.2199546485499,0.25,3/8,b,2,70,0
G5,130403.26530612246,130658.68480725624,255.41950113378698,0.25,3/8,u,2,70,0
E5,130658.68480725624,130681.90476190478,23.21995464853535,0.25,3/8,b,2,70,0
F♯5,130681.90476190478,131006.98412698413,325.0793650793494,0.5,3/8,x,2,71,0
D5,131006.98412698413,131076.6439909297,69.65986394557694,0.5,3/8,x,2,71,0
F♯5,131076.6439909297,131424.9433106576,348.2993197278993,0.25,3/8,u,2,71,0
G5,131424.9433106576,131587.48299319728,162.5396825396747,0.25,3/8,u,2,71,0
A5,131587.48299319728,131866.1224489796,278.6394557823078,0.25,3/8,u,2,72,0
F♯5,131866.1224489796,131889.3424036281,23.219954648520797,0.25,3/8,b,2,72,0
A5,131889.3424036281,132167.9818594104,278.6394557823078,0.25,3/8,u,2,72,0
F♯5,132167.9818594104,132191.20181405896,23.2199546485499,0.25,3/8,b,2,72,0
B5,132191.20181405896,132330.52154195012,139.3197278911539,0.25,3/8,u,2,72,0
G5,132330.52154195012,132446.62131519275,116.09977324263309,0.25,3/8,b,2,72,0
A5,132446.62131519275,132678.820861678,232.19954648523708,0.25,3/8,u,2,73,0
F♯5,132678.820861678,132702.04081632654,23.2199546485499,0.25,3/8,b,2,73,0
A5,132702.04081632654,133027.12018140592,325.0793650793785,0.25,3/8,u,2,73,0
F♯5,133027.12018140592,133050.3401360544,23.219954648491694,0.25,3/8,b,2,73,0
B5,133050.3401360544,133305.7596371882,255.41950113378698,0.25,3/8,u,2,73,0
G5,133305.7596371882,133328.97959183675,23.2199546485499,0.25,3/8,b,2,73,0
A5,133328.97959183675,133746.9387755102,417.95918367346167,0.25,3/8,u,2,74,0
F♯5,133746.9387755102,133770.15873015873,23.219954648520797,0.25,3/8,b,2,74,0
A5,133770.15873015873,133886.25850340136,116.09977324263309,0.25,3/8,u,2,74,0
F♯5,133886.25850340136,134025.57823129251,139.3197278911539,0.25,3/8,b,2,74,0
G5,134025.57823129251,134048.79818594106,23.2199546485499,0.25,3/8,u,2,74,0
E5,134048.79818594106,134188.1179138322,139.31972789112478,0.25,3/8,b,2,74,0
F♯5,134188.1179138322,134513.19727891157,325.0793650793785,0.5,3/8,x,2,75,0
D5,134513.19727891157,134861.49659863947,348.2993197278993,0.5,3/8,x,2,75,0
F♯4,134861.49659863947,135302.67573696145,441.17913832198246,0.5,3/8,B,2,75,0
G4,135302.67573696145,135534.87528344672,232.19954648526618,0.25,3/8,x,2,76,0
B4,135534.87528344672,135697.4149659864,162.5396825396747,0.25,3/8,x,2,76,0
D5,135697.4149659864,135813.51473922902,116.09977324263309,0.25,3/8,x,2,76,0
B4,135813.51473922902,135952.83446712018,139.3197278911539,0.25,3/8,x,2,76,0
G♯4,135952.83446712018,136115.37414965985,162.5396825396747,0.25,3/8,x,2,76,0
E5,136115.37414965985,136185.03401360544,69.6598639455915,0.25,3/8,x,2,76,0
A4,136185.03401360544,136556.55328798186,371.51927437642007,0.5,3/8,x,2,77,0
F♯5,136556.55328798186,136904.85260770976,348.2993197278993,0.5,3/8,x,2,77,0
A♯4,136904.85260770976,137206.7120181406,301.8594104308286,0.5,3/8,x,2,77,0
B4,137206.7120181406,137392.4716553288,185.75963718819548,0.25,3/8,x,2,78,0
D5,137392.4716553288,137555.0113378685,162.5396825397038,0.25,3/8,x,2,78,0
F♯5,137555.0113378685,137624.67120181405,69.65986394556239,0.25,3/8,x,2,78,0
D5,137624.67120181405,137787.21088435376,162.5396825397038,0.25,3/8,x,2,78,0
B4,137787.21088435376,137926.5306122449,139.3197278911539,0.25,3/8,x,2,78,0
G5,137926.5306122449,138065.85034013606,139.3197278911539,0.25,3/8,x,2,78,0
C♯5,138065.85034013606,138390.9297052154,325.0793650793494,0.5,3/8,x,2,79,0
A5,138390.9297052154,138553.46938775512,162.5396825397038,0.5,3/8,x,2,79,0
C♯5,138553.46938775512,139203.62811791385,650.1587301587278,0.5,3/8,x,2,79,0
D5,139203.62811791385,139226.84807256234,23.219954648491694,0.25,3/8,x,2,80,0
F♯5,139226.84807256234,139389.38775510204,162.5396825397038,0.25,3/8,x,2,80,0
A5,139389.38775510204,139505.48752834467,116.09977324263309,0.25,3/8,x,2,80,0
F♯5,139505.48752834467,139691.24716553287,185.75963718819548,0.25,3/8,x,2,80,0
D5,139691.24716553287,139737.6870748299,46.439909297041595,0.25,3/8,x,2,80,0
F♯5,139737.6870748299,139993.1065759637,255.41950113378698,0.25,3/8,x,2,80,0
G4,139993.1065759637,140434.2857142857,441.17913832201157,0.5,3/8,x,2,81,0
E5,140434.2857142857,140480.72562358278,46.4399092970707,0.25,3/8,x,2,81,0
C♯5,140480.72562358278,140736.14512471657,255.41950113378698,0.25,3/8,x,2,81,0
D5,140736.14512471657,140759.36507936506,23.219954648491694,0.25,3/8,x,2,81,0
F♯4,140759.36507936506,140945.12471655328,185.7596371882246,0.25,3/8,B,2,81,0
G4,140945.12471655328,141177.32426303855,232.19954648526618,0.25,3/8,x,2,82,0
D5,141177.32426303855,141293.42403628118,116.09977324263309,0.25,3/8,x,2,82,0
A4,141293.42403628118,141595.283446712,301.8594104308286,0.5,3/8,x,2,82,0
C♯5,141595.283446712,141966.80272108843,371.51927437642007,0.5,3/8,x,2,82,0
D5,141966.80272108843,142199.0022675737,232.19954648526618,0.25,3/8,x,2,83,0
A4,142199.0022675737,142338.32199546485,139.3197278911539,0.25,3/8,x,2,83,0
F♯5,142338.32199546485,142454.42176870749,116.09977324263309,0.25,3/8,x,2,83,0
D5,142454.42176870749,142616.96145124716,162.5396825396747,0.25,3/8,x,2,83,0
A5,142616.96145124716,142733.0612244898,116.09977324263309,0.25,3/8,x,2,83,0
F♯5,142733.0612244898,142872.38095238095,139.3197278911539,0.25,3/8,x,2,83,0
D6,142872.38095238095,143034.92063492065,162.5396825397038,0.25,3/8,x,2,84,0
A5,143034.92063492065,143174.24036281178,139.31972789112478,0.25,3/8,x,2,84,0
F♯5,143174.24036281178,143336.78004535148,162.5396825397038,0.25,3/8,x,2,84,0
D5,143336.78004535148,143429.65986394556,92.87981859408319,0.25,3/8,x,2,84,0
A5,143429.65986394556,143731.51927437642,301.8594104308577,0.25,3/8,x,2,84,0
F♯5,143731.51927437642,143754.73922902494,23.219954648520797,0.25,3/8,x,2,84,0
D5,143754.73922902494,143870.83900226757,116.09977324263309,0.25,3/8,x,2,85,0
F♯5,143870.83900226757,144010.15873015873,139.3197278911539,0.25,3/8,x,2,85,0
A4,144010.15873015873,144172.69841269843,162.5396825397038,0.25,3/8,x,2,85,0
D5,144172.69841269843,144288.79818594104,116.09977324260399,0.25,3/8,x,2,85,0
F♯4,144288.79818594104,144451.3378684807,162.5396825396747,0.25,3/8,x,2,85,0
A4,144451.3378684807,144753.19727891157,301.8594104308577,0.25,3/8,x,2,85,0
0,144753.19727891157,144776.4172335601,23.219954648520797,0,0,.,x,x,.
D4,144776.4172335601,146308.9342403628,1532.5170068027219,1.5,4/4,x,3,86,0
F♯5,146308.9342403628,146332.15419501133,23.219954648520797,0.25,4/4,x,3,86,0
G5,146332.15419501133,146355.37414965985,23.219954648520797,0.25,4/4,x,3,86,0
G5,146355.37414965985,146378.59410430837,23.219954648520797,1.5,4/4,x,3,86,0
F♯5,146378.59410430837,146494.693877551,116.09977324263309,0.16666666666666666,4/4,x,3,86,0
G5,146494.693877551,146587.57369614512,92.8798185941123,0.16666666666666666,4/4,x,3,86,0
A5,146587.57369614512,148096.87074829932,1509.297052154201,0.16666666666666666,4/4,x,3,86,0
D♯4,148096.87074829932,149513.2879818594,1416.4172335600888,1.5,4/4,x,3,87,0
C6,149513.2879818594,149629.38775510204,116.09977324263309,0.5,4/4,x,3,87,0
B5,149629.38775510204,150209.8866213152,580.4988662131655,0.75,4/4,x,3,87,0
A5,150209.8866213152,150442.08616780044,232.19954648523708,0.25,4/4,x,3,87,0
G5,150442.08616780044,151022.5850340136,580.4988662131655,0.75,4/4,x,3,87,0
F♯5,151022.5850340136,151324.44444444444,301.8594104308286,0.25,4/4,x,3,87,0
E4,151324.44444444444,152787.3015873016,1462.8571428571595,1.5,4/4,x,3,88,0
G5,152787.3015873016,152880.18140589568,92.87981859408319,0.25,4/4,x,3,88,0
A5,152880.18140589568,153739.31972789115,859.1383219954732,0.25,4/4,x,3,88,0
A5,153739.31972789115,153762.53968253967,23.219954648520797,1.5,4/4,x,3,88,0
G5,153762.53968253967,153832.19954648527,69.6598639455915,0.16666666666666666,4/4,x,3,88,0
A5,153832.19954648527,153925.07936507938,92.8798185941123,0.16666666666666666,4/4,x,3,88,0
B5,153925.07936507938,154343.03854875284,417.95918367346167,0.16666666666666666,4/4,x,3,88,0
C♯5,154343.03854875284,155434.37641723355,1091.3378684807103,1.5,4/4,x,3,89,0
E5,155434.37641723355,155504.03628117914,69.6598639455915,0.5,4/4,x,3,89,0
A5,155504.03628117914,156014.87528344672,510.83900226757396,0.75,4/4,x,3,89,0
F♯4,156014.87528344672,156177.4149659864,162.5396825396747,0.25,4/4,B,3,89,0
G5,156177.4149659864,156641.81405895692,464.39909297053237,0.75,4/4,x,3,89,0
E4,156641.81405895692,156804.35374149663,162.5396825397038,0.25,4/4,B,3,89,0
F♯5,156804.35374149663,157384.85260770973,580.4988662131072,0.75,4/4,x,3,90,0
D5,157384.85260770973,157500.9523809524,116.0997732426622,0.25,4/4,x,3,90,0
B5,157500.9523809524,158220.7709750567,719.8185941042902,1.0,4/4,x,3,90,0
C♯5,158220.7709750567,158801.26984126982,580.4988662131364,0.75,4/4,x,3,90,0
E5,158801.26984126982,158894.14965986396,92.8798185941414,0.25,4/4,x,3,90,0
A5,158894.14965986396,159451.42857142858,557.2789115646156,0.75,4/4,x,3,90,0
A4,159451.42857142858,159567.52834467118,116.09977324260399,0.25,4/4,x,3,90,0
B4,159567.52834467118,160124.80725623583,557.2789115646447,0.75,4/4,x,3,91,0
D5,160124.80725623583,160240.90702947846,116.09977324263309,0.25,4/4,x,3,91,0
G5,160240.90702947846,161007.16553287982,766.2585034013609,1.0,4/4,x,3,91,0
A4,161007.16553287982,161518.0045351474,510.83900226757396,0.75,4/4,x,3,91,0
C♯5,161518.0045351474,161657.32426303855,139.3197278911539,0.25,4/4,x,3,91,0
F♯5,161657.32426303855,162214.6031746032,557.2789115646447,0.75,4/4,x,3,91,0
F♯4,162214.6031746032,162330.7029478458,116.09977324260399,0.25,4/4,B,3,91,0
G4,162330.7029478458,162911.20181405896,580.4988662131655,0.75,4/4,B,3,92,0
F♯5,162911.20181405896,163329.16099773243,417.95918367346167,0.25,4/4,x,3,92,0
E5,163329.16099773243,163561.3605442177,232.19954648526618,0.75,4/4,x,3,92,0
D5,163561.3605442177,163677.46031746033,116.09977324263309,0.25,4/4,x,3,92,0
G♯4,163677.46031746033,164211.51927437642,534.0589569160948,0.75,4/4,B,3,92,0
E5,164211.51927437642,164350.83900226757,139.3197278911539,0.25,4/4,x,3,92,0
D5,164350.83900226757,164908.1179138322,557.2789115646156,0.75,4/4,x,3,92,0
B5,164908.1179138322,165070.6575963719,162.5396825397038,0.25,4/4,x,3,92,0
A4,165070.6575963719,165720.81632653062,650.1587301587278,0.75,4/4,x,3,93,0
C♯5,165720.81632653062,165999.45578231293,278.6394557823078,0.25,4/4,x,3,93,0
E5,165999.45578231293,166835.37414965985,835.9183673469233,1.0,4/4,x,3,93,0
0,166835.37414965985,166881.8140589569,46.439909297041595,0.75,4/4,.,3,93,0
G5,166881.8140589569,167044.3537414966,162.5396825397038,0.25,4/4,x,3,93,0
F♯5,167044.3537414966,167624.85260770976,580.4988662131655,0.75,4/4,x,3,93,0
E5,167624.85260770976,167740.9523809524,116.09977324263309,0.25,4/4,x,3,93,0
D6,167740.9523809524,168251.79138321997,510.83900226757396,0.75,4/4,x,3,94,0
C♯6,168251.79138321997,168367.89115646257,116.09977324260399,0.125,4/4,x,3,94,0
B5,168367.89115646257,168460.7709750567,92.8798185941123,0.125,4/4,x,3,94,0
A5,168460.7709750567,169064.48979591837,603.7188208616863,0.75,4/4,x,3,94,0
G5,169064.48979591837,169087.7097505669,23.219954648520797,0.25,4/4,x,3,94,0
E5,169087.7097505669,169110.9297052154,23.219954648520797,1.5,4/4,x,3,94,0
D5,169110.9297052154,169134.14965986394,23.219954648520797,0.5,4/4,x,3,94,0
D5,169134.14965986394,169157.36961451248,23.2199546485499,4.0,3/8,x,3,96,0
0,169157.36961451248,169180.58956916098,23.219954648491694,0,0,.,x,x,.
D5,169180.58956916098,169203.80952380953,23.2199546485499,0.5,3/8,x,4,97,0
E5,169203.80952380953,169227.02947845805,23.219954648520797,0.25,3/8,x,4,97,0
F♯5,169227.02947845805,170318.36734693876,1091.3378684807103,0.25,3/8,x,4,97,0
E5,170318.36734693876,171177.50566893423,859.1383219954732,1.0,3/8,x,4,98,0
D5,171177.50566893423,177841.6326530612,6664.126984126982,1.0,3/8,x,4,98,0
C♯5,177841.6326530612,178097.052154195,255.41950113378698,1.0,3/8,x,4,98,0
B4,178097.052154195,178166.7120181406,69.6598639455915,0.5,3/8,x,4,98,0
A4,178166.7120181406,178306.03174603175,139.3197278911539,0.5,3/8,x,4,98,0
D5,178306.03174603175,178515.0113378685,208.97959183674539,1.0,3/8,x,4,99,0
A4,178515.0113378685,178747.21088435373,232.19954648523708,1.0,3/8,x,4,99,0
D4,178747.21088435373,178979.41043083902,232.1995464852953,1.0,3/8,x,4,99,0
D5,178979.41043083902,179095.51020408163,116.09977324260399,0.5,3/8,x,4,99,0
E5,179095.51020408163,179118.73015873015,23.219954648520797,0.25,3/8,x,4,99,0
F♯5,179118.73015873015,179211.60997732426,92.8798185941123,0.25,3/8,x,4,99,0
E5,179211.60997732426,179606.3492063492,394.73922902494087,1.0,3/8,x,4,100,0
D5,179606.3492063492,179629.56916099772,23.219954648520797,1.0,3/8,x,4,100,0
C♯5,179629.56916099772,179908.20861678006,278.6394557823369,1.0,3/8,x,4,100,0
B4,179908.20861678006,179977.86848072562,69.65986394556239,0.5,3/8,x,4,100,0
A4,179977.86848072562,180117.18820861678,139.3197278911539,0.5,3/8,x,4,100,0
D5,180117.18820861678,180558.3673469388,441.17913832201157,2.0,3/8,x,4,101,0
D4,180558.3673469388,180767.3469387755,208.97959183671628,1.0,3/8,x,4,101,0
D5,180767.3469387755,180953.10657596373,185.7596371882246,0.5,3/8,x,4,101,0
E5,180953.10657596373,180999.54648526077,46.439909297041595,0.25,3/8,x,4,101,0
F♯5,180999.54648526077,181069.20634920636,69.6598639455915,0.25,3/8,x,4,101,0
E5,181069.20634920636,181487.16553287982,417.95918367346167,1.0,3/8,x,4,102,0
D5,181487.16553287982,181510.38548752834,23.219954648520797,1.0,3/8,x,4,102,0
C♯5,181510.38548752834,181765.80498866213,255.41950113378698,1.0,3/8,x,4,102,0
B4,181765.80498866213,181812.24489795917,46.439909297041595,0.5,3/8,x,4,102,0
A4,181812.24489795917,181974.78458049888,162.5396825397038,0.5,3/8,x,4,102,0
D5,181974.78458049888,182183.7641723356,208.97959183671628,1.0,3/8,x,4,103,0
A4,182183.7641723356,182392.74376417234,208.97959183674539,1.0,3/8,x,4,103,0
D4,182392.74376417234,182648.16326530612,255.41950113378698,1.0,3/8,x,4,103,0
D5,182648.16326530612,182764.26303854876,116.09977324263309,0.5,3/8,x,4,103,0
E5,182764.26303854876,182810.7029478458,46.439909297041595,0.25,3/8,x,4,103,0
F♯5,182810.7029478458,182880.36281179136,69.65986394556239,0.25,3/8,x,4,103,0
E5,182880.36281179136,183275.10204081633,394.73922902497,1.0,3/8,x,4,104,0
D5,183275.10204081633,183344.7619047619,69.65986394556239,1.0,3/8,x,4,104,0
C♯5,183344.7619047619,183576.96145124716,232.19954648526618,1.0,3/8,x,4,104,0
B4,183576.96145124716,183693.06122448982,116.0997732426622,0.5,3/8,x,4,104,0
A4,183693.06122448982,183809.16099773243,116.09977324260399,0.5,3/8,x,4,104,0
D5,183809.16099773243,184621.85941043083,812.6984126984025,3.0,3/8,x,4,105,0
F♯5,184621.85941043083,184737.95918367346,116.09977324263309,0.5,3/8,x,4,106,0
G♯5,184737.95918367346,184830.83900226757,92.8798185941123,0.5,3/8,x,4,106,0
A5,184830.83900226757,185086.25850340136,255.41950113378698,1.0,3/8,x,4,107,0
A4,185086.25850340136,186502.67573696148,1416.417233560118,1.0,3/8,x,4,107,0
A4,186502.67573696148,186525.89569160997,23.219954648491694,1.0,3/8,x,4,107,0
A4,186525.89569160997,186549.11564625852,23.2199546485499,1.0,3/8,x,4,107,0
A4,186549.11564625852,186572.335600907,23.219954648491694,3.0,3/8,x,4,108,0
C♯5,186572.335600907,186781.31519274376,208.97959183674539,0.5,3/8,x,4,108,0
E5,186781.31519274376,186804.5351473923,23.2199546485499,0.5,3/8,x,4,108,0
A4,186804.5351473923,187059.9546485261,255.41950113378698,1.0,3/8,x,4,109,0
D5,187059.9546485261,187176.0544217687,116.09977324260399,0.5,3/8,x,4,109,0
F♯5,187176.0544217687,187268.9342403628,92.8798185941123,0.5,3/8,x,4,109,0
A4,187268.9342403628,187524.3537414966,255.41950113378698,1.0,3/8,x,4,109,0
C♯5,187524.3537414966,187733.3333333333,208.97959183671628,0.5,3/8,x,4,109,0
E5,187733.3333333333,187756.55328798186,23.2199546485499,0.5,3/8,x,4,109,0
A4,187756.55328798186,188011.97278911565,255.41950113378698,1.0,3/8,x,4,110,0
E5,188011.97278911565,188104.85260770973,92.87981859408319,0.5,3/8,x,4,110,0
A5,188104.85260770973,188244.1723356009,139.3197278911539,0.5,3/8,x,4,110,0
A4,188244.1723356009,188476.37188208618,232.1995464852953,1.0,3/8,x,4,110,0
C♯5,188476.37188208618,188615.6916099773,139.31972789112478,0.5,3/8,x,4,110,0
D♯5,188615.6916099773,188778.231292517,162.5396825397038,0.5,3/8,x,4,110,0
E5,188778.231292517,188963.9909297052,185.75963718819548,1.0,3/8,x,4,111,0
E4,188963.9909297052,190403.62811791382,1439.6371882086096,1.0,3/8,x,4,111,0
E4,190403.62811791382,190426.84807256237,23.2199546485499,1.0,3/8,x,4,111,0
E4,190426.84807256237,190450.0680272109,23.219954648520797,1.0,3/8,x,4,111,0
E4,190450.0680272109,190473.2879818594,23.219954648520797,3.0,3/8,x,4,112,0
D5,190473.2879818594,190682.26757369615,208.97959183674539,1.0,3/8,x,4,112,0
C♯5,190682.26757369615,190960.90702947846,278.6394557823078,1.0,3/8,x,4,113,0
B4,190960.90702947846,191193.10657596373,232.19954648526618,1.0,3/8,x,4,113,0
A4,191193.10657596373,191494.96598639456,301.8594104308286,1.0,3/8,x,4,113,0
B4,191494.96598639456,191587.84580498867,92.8798185941123,0.5,3/8,x,4,113,0
G♯4,191587.84580498867,191680.72562358275,92.87981859408319,0.5,3/8,x,4,113,0
A4,191680.72562358275,192493.42403628118,812.6984126984316,3.0,3/8,x,4,114,0
D5,192493.42403628118,192725.62358276645,232.19954648526618,0.5,3/8,x,4,114,0
E5,192725.62358276645,192748.84353741497,23.219954648520797,0.25,3/8,x,4,114,0
F♯5,192748.84353741497,192841.72335600908,92.8798185941123,0.25,3/8,x,4,114,0
E5,192841.72335600908,193004.26303854876,162.5396825396747,1.0,3/8,x,4,115,0
D5,193004.26303854876,193236.46258503402,232.19954648526618,1.0,3/8,x,4,115,0
C♯5,193236.46258503402,193538.32199546485,301.8594104308286,1.0,3/8,x,4,115,0
B4,193538.32199546485,193607.98185941044,69.6598639455915,0.5,3/8,x,4,115,0
A4,193607.98185941044,193724.08163265305,116.09977324260399,0.5,3/8,x,4,115,0
D5,193724.08163265305,193956.28117913834,232.1995464852953,1.0,3/8,x,4,116,0
A4,193956.28117913834,194165.26077097506,208.97959183671628,1.0,3/8,x,4,116,0
D4,194165.26077097506,194420.68027210885,255.41950113378698,1.0,3/8,x,4,116,0
D5,194420.68027210885,194954.73922902494,534.0589569160948,0.5,3/8,x,4,116,0
E5,194954.73922902494,195024.39909297053,69.6598639455915,0.25,3/8,x,4,116,0
F♯5,195024.39909297053,195047.61904761902,23.219954648491694,0.25,3/8,x,4,116,0
E5,195047.61904761902,195070.83900226757,23.2199546485499,1.0,3/8,x,4,117,0
D5,195070.83900226757,195094.0589569161,23.219954648520797,1.0,3/8,x,4,117,0
C♯5,195094.0589569161,195349.47845804988,255.41950113378698,1.0,3/8,x,4,117,0
B4,195349.47845804988,195465.57823129251,116.09977324263309,0.5,3/8,x,4,117,0
A4,195465.57823129251,195558.4580498866,92.87981859408319,0.5,3/8,x,4,117,0
D5,195558.4580498866,196092.51700680272,534.0589569161239,2.0,3/8,x,4,118,0
D4,196092.51700680272,196278.27664399092,185.75963718819548,1.0,3/8,x,4,118,0
D5,196278.27664399092,196487.25623582766,208.97959183674539,0.5,3/8,x,4,118,0
E5,196487.25623582766,196510.47619047618,23.219954648520797,0.25,3/8,x,4,118,0
F♯5,196510.47619047618,196673.0158730159,162.5396825397038,0.25,3/8,x,4,118,0
E5,196673.0158730159,196812.33560090704,139.3197278911539,1.0,3/8,x,4,119,0
D5,196812.33560090704,197021.31519274376,208.97959183671628,1.0,3/8,x,4,119,0
C♯5,197021.31519274376,197299.95464852607,278.6394557823078,1.0,3/8,x,4,119,0
B4,197299.95464852607,197369.61451247166,69.6598639455915,0.5,3/8,x,4,119,0
A4,197369.61451247166,197532.15419501133,162.5396825396747,0.5,3/8,x,4,119,0
D5,197532.15419501133,197694.69387755104,162.5396825397038,1.0,3/8,x,4,120,0
A4,197694.69387755104,197880.45351473923,185.75963718819548,1.0,3/8,x,4,120,0
D4,197880.45351473923,198182.31292517006,301.8594104308286,1.0,3/8,x,4,120,0
D5,198182.31292517006,198344.85260770976,162.5396825397038,0.5,3/8,x,4,120,0
E5,198344.85260770976,198391.2925170068,46.439909297041595,0.25,3/8,x,4,120,0
F♯5,198391.2925170068,198669.93197278914,278.6394557823369,0.25,3/8,x,4,120,0
E5,198669.93197278914,198855.69160997734,185.75963718819548,1.0,3/8,x,4,121,0
D5,198855.69160997734,198878.91156462583,23.219954648491694,1.0,3/8,x,4,121,0
C♯5,198878.91156462583,199157.55102040817,278.6394557823369,1.0,3/8,x,4,121,0
B4,199157.55102040817,199273.6507936508,116.09977324263309,0.5,3/8,x,4,121,0
A4,199273.6507936508,199412.97052154195,139.3197278911539,0.5,3/8,x,4,121,0
D5,199412.97052154195,200388.20861678006,975.2380952381063,3.0,3/8,x,4,122,0
D5,200388.20861678006,200411.42857142855,23.219954648491694,1.0,3/8,x,4,122,0
G5,200411.42857142855,200875.82766439908,464.39909297053237,1.0,3/8,x,4,123,0
G5,200875.82766439908,200899.04761904763,23.2199546485499,0.5,3/8,x,4,123,0
B5,200899.04761904763,200991.92743764172,92.87981859408319,0.5,3/8,x,4,123,0
G5,200991.92743764172,201270.56689342405,278.6394557823369,1.0,3/8,x,4,123,0
D5,201270.56689342405,201409.8866213152,139.3197278911539,1.0,3/8,x,4,123,0
G5,201409.8866213152,201967.16553287982,557.2789115646156,2.0,3/8,x,4,124,0
G4,201967.16553287982,202222.5850340136,255.41950113378698,1.0,3/8,x,4,124,0
A4,202222.5850340136,202454.78458049885,232.19954648523708,1.0,3/8,x,4,124,0
B4,202454.78458049885,202779.86394557822,325.0793650793785,1.0,3/8,x,4,125,0
D5,202779.86394557822,202919.18367346938,139.3197278911539,1.0,3/8,x,4,125,0
A4,202919.18367346938,203174.60317460317,255.41950113378698,1.0,3/8,x,4,125,0
C5,203174.60317460317,203430.02267573695,255.41950113378698,1.0,3/8,x,4,125,0
G4,203430.02267573695,203917.641723356,487.61904761905316,2.0,3/8,x,4,126,0
B4,203917.641723356,204196.2811791383,278.6394557823078,1.0,3/8,x,4,126,0
A4,204196.2811791383,204265.9410430839,69.6598639455915,0.5,3/8,x,4,126,0
B4,204265.9410430839,204428.48072562358,162.5396825396747,0.5,3/8,x,4,126,0
D5,204428.48072562358,204544.5804988662,116.09977324263309,0.5,3/8,x,4,127,0
B4,204544.5804988662,204683.90022675737,139.3197278911539,0.5,3/8,x,4,127,0
A4,204683.90022675737,204776.78004535148,92.8798185941123,0.5,3/8,x,4,127,0
B4,204776.78004535148,204869.65986394556,92.87981859408319,0.5,3/8,x,4,127,0
G4,204869.65986394556,205008.97959183675,139.319727891183,0.5,3/8,x,4,127,0
B4,205008.97959183675,205125.07936507935,116.09977324260399,0.5,3/8,x,4,127,0
A4,205125.07936507935,205217.95918367346,92.8798185941123,0.5,3/8,x,4,127,0
B4,205217.95918367346,205334.0589569161,116.09977324263309,0.5,3/8,x,4,127,0
C5,205334.0589569161,205473.37868480725,139.3197278911539,0.5,3/8,x,4,128,0
B4,205473.37868480725,205612.69841269843,139.319727891183,0.5,3/8,x,4,128,0
A4,205612.69841269843,205705.57823129251,92.87981859408319,0.5,3/8,x,4,128,0
B4,205705.57823129251,205821.67800453515,116.09977324263309,0.5,3/8,x,4,128,0
G4,205821.67800453515,206053.8775510204,232.19954648526618,1.0,3/8,x,4,128,0
D5,206053.8775510204,206286.07709750568,232.19954648526618,1.0,3/8,x,4,128,0
C♯5,206286.07709750568,206564.716553288,278.6394557823078,1.0,3/8,x,4,129,0
D5,206564.716553288,206750.47619047618,185.75963718819548,1.0,3/8,x,4,129,0
G5,206750.47619047618,207841.81405895692,1091.3378684807394,1.0,3/8,x,4,129,0
F♯5,207841.81405895692,208004.3537414966,162.5396825396747,1.0,3/8,x,4,129,0
F♯5,208004.3537414966,208027.57369614512,23.219954648520797,2.0,3/8,x,4,130,0
E5,208027.57369614512,208190.1133786848,162.5396825396747,1.0,3/8,x,4,130,0
D5,208190.1133786848,208468.75283446713,278.6394557823369,0.5,3/8,x,4,97,1
E5,208468.75283446713,208491.97278911562,23.219954648491694,0.25,3/8,x,4,97,1
F♯5,208491.97278911562,208677.73242630388,185.7596371882537,0.25,3/8,x,4,97,1
E5,208677.73242630388,208747.3922902494,69.65986394553329,1.0,3/8,x,4,98,1
D5,208747.3922902494,209002.8117913832,255.41950113378698,1.0,3/8,x,4,98,1
C♯5,209002.8117913832,209281.45124716553,278.6394557823369,1.0,3/8,x,4,98,1
B4,209281.45124716553,209327.89115646257,46.439909297041595,0.5,3/8,x,4,98,1
A4,209327.89115646257,209490.43083900228,162.5396825397038,0.5,3/8,x,4,98,1
D5,209490.43083900228,209699.41043083902,208.97959183674539,1.0,3/8,x,4,99,1
A4,209699.41043083902,209931.60997732426,232.19954648523708,1.0,3/8,x,4,99,1
D4,209931.60997732426,210233.4693877551,301.8594104308286,1.0,3/8,x,4,99,1
D5,210233.4693877551,210372.78911564627,139.319727891183,0.5,3/8,x,4,99,1
E5,210372.78911564627,210419.2290249433,46.439909297041595,0.25,3/8,x,4,99,1
F♯5,210419.2290249433,210628.20861678006,208.97959183674539,0.25,3/8,x,4,99,1
E5,210628.20861678006,210883.62811791385,255.41950113378698,1.0,3/8,x,4,100,1
D5,210883.62811791385,210906.84807256237,23.219954648520797,1.0,3/8,x,4,100,1
C♯5,210906.84807256237,211185.48752834467,278.6394557823078,1.0,3/8,x,4,100,1
B4,211185.48752834467,211255.14739229024,69.65986394556239,0.5,3/8,x,4,100,1
A4,211255.14739229024,211417.68707482994,162.5396825397038,0.5,3/8,x,4,100,1
D5,211417.68707482994,211905.306122449,487.61904761905316,2.0,3/8,x,4,101,1
D4,211905.306122449,212137.50566893423,232.19954648523708,1.0,3/8,x,4,101,1
D5,212137.50566893423,212323.26530612243,185.75963718819548,0.5,3/8,x,4,101,1
E5,212323.26530612243,212369.70521541953,46.4399092970998,0.25,3/8,x,4,101,1
F♯5,212369.70521541953,212416.14512471657,46.439909297041595,0.25,3/8,x,4,101,1
E5,212416.14512471657,212625.1247165533,208.97959183674539,1.0,3/8,x,4,102,1
D5,212625.1247165533,212857.32426303855,232.19954648523708,1.0,3/8,x,4,102,1
C♯5,212857.32426303855,213135.9637188209,278.6394557823369,1.0,3/8,x,4,102,1
B4,213135.9637188209,213205.62358276645,69.65986394556239,0.5,3/8,x,4,102,1
A4,213205.62358276645,213321.72335600908,116.09977324263309,0.5,3/8,x,4,102,1
D5,213321.72335600908,213577.14285714287,255.41950113378698,1.0,3/8,x,4,103,1
A4,213577.14285714287,213762.90249433107,185.75963718819548,1.0,3/8,x,4,103,1
D4,213762.90249433107,214064.7619047619,301.8594104308286,1.0,3/8,x,4,103,1
D5,214064.7619047619,214204.08163265308,139.319727891183,0.5,3/8,x,4,103,1
E5,214204.08163265308,214250.52154195012,46.439909297041595,0.25,3/8,x,4,103,1
F♯5,214250.52154195012,214296.96145124716,46.439909297041595,0.25,3/8,x,4,103,1
E5,214296.96145124716,214529.16099773243,232.19954648526618,1.0,3/8,x,4,104,1
D5,214529.16099773243,214807.80045351473,278.6394557823078,1.0,3/8,x,4,104,1
C♯5,214807.80045351473,215272.19954648527,464.39909297053237,1.0,3/8,x,4,104,1
B4,215272.19954648527,215388.29931972787,116.09977324260399,0.5,3/8,x,4,104,1
A4,215388.29931972787,215527.61904761905,139.319727891183,0.5,3/8,x,4,104,1
D5,215527.61904761905,217315.55555555556,1787.9365079365089,3.0,3/8,x,4,105,1
0,217315.55555555556,222331.0657596372,5015.510204081627,0,0,.,x,x,.
